year,state name,constituency name,constituency no,winner candidate name,Gender,party name,party symbol,total electors,total no of voters(margin),vote%,category,total no of vote casted
1963,"Goa, D&D",Pernem,1,Kashinath Shetgaonkar,M,MGP,Lion,11500,1273,49.05%,General,6494
1963,"Goa, D&D",Mandrem,2,Vijay Kamulkar,M,MGP,Lion,15900,5127,64.70%,General,10298
1963,"Goa, D&D",Siolim,3,Pandurang Shirodkar,M,MGP,Lion,18000,1067,50.42%,General,9091
1963,"Goa, D&D",Calangute,4,John D'Souza,M,UGP,Hand,16400,1702,51.24%,General,10411
1963,"Goa, D&D",Aldona,5,Orlando Sequeira Lobo,M,UGP,Hand,19500,1514,50.20%,General,9830
1963,"Goa, D&D",Mapusa,6,Raghunath Tople,M,MGP,Lion,16600,1738,52.00%,General,8675
1963,"Goa, D&D",Tivim,7,Shambu Palienkar,M,MGP,Lion,12700,3467,62.78%,General,8031
1963,"Goa, D&D",Bicholim,8,Kusmakar Kadkade,M,MGP,Lion,10200,5268,79.22%,General,8104
1963,"Goa, D&D",Pale,9,A. K. S. Usgaonkar,M,MGP,Lion,10600,4026,71.24%,General,7617
1963,"Goa, D&D",Sattari,10,Jaisingrao Rane,M,PSP,Hut,7400,500,28.69%,General,2146
1963,"Goa, D&D",Panaji,11,Jack Sequeira,M,UGP,Hand,12000,1200,58.00%,General,7000
1963,"Goa, D&D",Santa Cruz,12,Joaquim L. Araujo,M,UGP,Hand,11000,800,59.00%,General,6500
1963,"Goa, D&D",St. Andre,13,Teotonio Pereira,M,UGP,Hand,10000,1100,60.00%,General,6000
1963,"Goa, D&D",St. Estevam,14,D. Chopdekar,M,MGP,Lion,12000,1500,62.00%,General,7500
1963,"Goa, D&D",Marcaim,15,Vasant Velingkar,M,MGP,Lion,13000,3000,69.00%,General,9000
1963,"Goa, D&D",Ponda,16,Gajanan Raikar,M,PSP,Hut,14000,600,57.00%,General,8000
1963,"Goa, D&D",Siroda,17,Pundalik Naik,M,MGP,Lion,12000,1400,62.00%,General,7500
1963,"Goa, D&D",Sanguem,18,Tony Fernandes,M,MGP,Lion,10000,1200,60.00%,General,6000
1963,"Goa, D&D",Canacona,19,Ganba Desai,M,MGP,Lion,13000,2500,65.00%,General,8500
1963,"Goa, D&D",Quepem,20,Dattaram Desai,M,MGP,Lion,11000,1500,63.00%,General,7000
1963,"Goa, D&D",Curchorem,21,Vittal Karmali,M,UGP,Hand,12000,1000,66.00%,General,8000
1963,"Goa, D&D",Cuncolim,22,Sebastiao Mazarelo,M,UGP,Hand,12000,2200,66.00%,General,8000
1963,"Goa, D&D",Benaulim,23,Maurilio Furtado,M,UGP,Hand,11000,4800,77.00%,General,8500
1963,"Goa, D&D",Navelim,24,Alvaro Furtado,M,UGP,Hand,14000,4500,71.00%,General,10000
1963,"Goa, D&D",Margao,25,Vasudeo Sarmalkar,M,UGP,Hand,12000,2300,75.00%,General,9000
1963,"Goa, D&D",Curtorim,26,Enio Pimenta,M,UGP,Hand,13000,5000,80.00%,General,10500
1963,"Goa, D&D",Cortalim,27,Luis Proto Barbosa,M,UGP,Hand,12000,6400,79.00%,General,9500
1963,"Goa, D&D",Marmagoa,28,U. Mascarenhas,F,UGP,Hand,18000,1000,77.00%,General,14000
1963,"Goa, D&D",Daman,29,Kalidas Patel,M,INC,Bullocks,20000,300,75.00%,General,15000
1963,"Goa, D&D",Diu,30,Mamdali Jiwani,M,IND,Scale,10000,1200,80.00%,General,8000
1967,"Goa, D&D",Pernem,1,K. B. Laxman,M,MGP,Lion,11617,2318,60.15%,Gen,7461
1967,"Goa, D&D",Mandrem,2,Anthony D'Souza,M,MGP,Lion,14942,5367,71.65%,Gen,9641
1967,"Goa, D&D",Siolim,3,Punaji Achrekar,M,MGP,Lion,14013,619,50.35%,Gen,10279
1967,"Goa, D&D",Calangute,4,S. Valente,M,UGS,Hand,15720,1696,54.29%,Gen,11660
1967,"Goa, D&D",Aldona,5,Lobo Sequeira Orlando,M,UGS,Hand,14324,2115,57.79%,Gen,10527
1967,"Goa, D&D",Mapuca,6,M. G. Govind,M,MGP,Lion,12393,1118,55.45%,Gen,9139
1967,"Goa, D&D",Tivim,7,Jaisingrao Rane,M,MGP,Lion,12410,2492,60.82%,Gen,8767
1967,"Goa, D&D",Bicholim,8,C. D. Keshav,M,MGP,Lion,11684,4287,69.90%,Gen,9076
1967,"Goa, D&D",Pale,9,A. K. S. Usgaonkar,M,MGP,Lion,11118,3365,62.77%,Gen,8630
1967,"Goa, D&D",Satari,10,K. G. Appa,M,MGP,Lion,11102,1228,46.12%,Gen,6366
1967,"Goa, D&D",Panjim,11,Y. S. Desai,M,UGS,Hand,12236,344,51.57%,Gen,8720
1967,"Goa, D&D",Santa Cruz,12,S. J. De (Jack de Sequeira),M,UGS,Hand,14032,2425,60.10%,Gen,9848
1967,"Goa, D&D",Santo Andre,13,P. T. Francisco,M,UGS,Hand,12793,1326,44.57%,Gen,9332
1967,"Goa, D&D",St Estevam,14,B. P. Shrinivas,M,MGP,Lion,13383,1847,54.02%,Gen,9252
1967,"Goa, D&D",Marcaim,15,Dayanand Bandodkar,M,MGP,Lion,11856,6364,82.52%,Gen,9564
1967,"Goa, D&D",Ponda,16,Shashikala Kakodkar,F,MGP,Lion,13019,2752,55.67%,Gen,9660
1967,"Goa, D&D",Siroda,17,K. V. Subrai,M,MGP,Lion,11765,3369,56.51%,Gen,8110
1967,"Goa, D&D",Sanguem,18,M. V. Datta,M,MGP,Lion,12015,3115,51.52%,Gen,8197
1967,"Goa, D&D",Canacona,19,N. G. M. Balkrishna,M,MGP,Lion,12987,1940,55.43%,Gen,9338
1967,"Goa, D&D",Quepem,20,S. K. Desai,M,MGP,Lion,11610,2058,49.33%,Gen,6831
1967,"Goa, D&D",Curchorem,21,Abdul Razak,M,UGS,Hand,14082,129,42.52%,Gen,10736
1967,"Goa, D&D",Cuncolim,22,F. R. S. A. Joao,M,UGS,Hand,13015,3121,64.22%,Gen,9431
1967,"Goa, D&D",Benaulim,23,M. E. Jose,M,UGS,Hand,11885,6128,83.20%,Gen,8924
1967,"Goa, D&D",Navelim,24,V. L. Mauricio,M,UGS,Hand,14352,5593,73.02%,Gen,10617
1967,"Goa, D&D",Margao,25,N. A. Narcinva,M,UGS,Hand,13024,2755,63.85%,Gen,8995
1967,"Goa, D&D",Curtorim,26,B. R. Joaquim,M,UGS,Hand,14635,6366,77.26%,Gen,11048
1967,"Goa, D&D",Cortalim,27,Luis Proto Barbosa,M,UGS,Hand,16842,7654,81.33%,Gen,11541
1967,"Goa, D&D",Marmagoa,28,G. Patil,M,MGP,Lion,20412,817,42.15%,Gen,13017
1967,"Goa, D&D",Daman,29,M. M. Bhathala,M,IND,NA,18345,417,51.10%,Gen,13441
1967,"Goa, D&D",Diu,30,F. N. Srinivassa,M,IND,NA,9842,1120,78.42%,Gen,7861
1972,"Goa, D&D",Pernem,1,Rane Jaisingrao Abasaheb,M,MGP,Lion,12360,2649,61.66%,Gen,8890
1972,"Goa, D&D",Mandrem,2,Dayanand Bandodkar,M,MGP,Lion,15876,6248,72.93%,Gen,11316
1972,"Goa, D&D",Siolim,3,Chandrakant Chodankar,M,MGP,Lion,14517,849,51.37%,Gen,10974
1972,"Goa, D&D",Calangute,4,Jagdish Bhujang Rao,M,UGP,Hand,16114,607,51.02%,Gen,11822
1972,"Goa, D&D",Aldona,5,Jose Silveiro Sousa,M,UGP,Hand,15395,3780,64.06%,Gen,8950
1972,"Goa, D&D",Mapusa,6,Pankar Raghuvir Shanu,M,MGP,Lion,15821,2186,48.97%,Gen,11678
1972,"Goa, D&D",Tivim,7,Punaji Pandurang Achrekar,M,MGP,Lion,13061,3029,57.65%,Gen,9349
1972,"Goa, D&D",Bicholim,8,Shashikala Kakodkar,F,MGP,Lion,12583,4196,65.42%,Gen,10071
1972,"Goa, D&D",Pale,9,A. K. S. Usgaonkar,M,MGP,Lion,12909,2179,51.19%,Gen,9542
1972,"Goa, D&D",Sattari,10,Pratapsingh Rane,M,MGP,Lion,14288,2683,51.81%,Gen,9660
1972,"Goa, D&D",Panaji,11,Baban Naik,M,MGP,Lion,13776,225,42.73%,Gen,9322
1972,"Goa, D&D",St. Cruz,12,Jack de Sequeira,M,UGP,Hand,16527,2103,57.51%,Gen,11452
1972,"Goa, D&D",St. Andre,13,Teotonio Pereira,M,UGP,Hand,14635,1366,50.44%,Gen,10577
1972,"Goa, D&D",Cumbarjua,14,Chodankar Vinayak Dharma,M,MGP,Lion,15124,2426,54.49%,Gen,10931
1972,"Goa, D&D",Marcaim,15,Bandodkar Krishna Raghu,M,MGP,Lion,12231,5162,77.19%,Gen,9093
1972,"Goa, D&D",Ponda,16,Rhoidas Naik,M,MGP,Lion,14146,3793,58.30%,Gen,10383
1972,"Goa, D&D",Siroda,17,Jayakrishna Putu Naik,M,MGP,Lion,14946,4483,60.26%,Gen,9803
1972,"Goa, D&D",Sanguem,18,Morajker Vassudeu Datta,M,MGP,Lion,12730,2591,51.73%,Gen,8852
1972,"Goa, D&D",Canacona,19,Ganaba Bhagdu Desai,M,MGP,Lion,14948,2433,55.37%,Gen,10609
1972,"Goa, D&D",Quepem,20,Dhulo Kuttikar,M,MGP,Lion,11304,591,46.16%,Gen,7378
1972,"Goa, D&D",Curchorem,21,Anil Prabhu Dessai,M,MGP,Lion,14443,1090,42.42%,Gen,9559
1972,"Goa, D&D",Cuncolim,22,Roque Santana Fernandes,M,UGP,Hand,14208,2204,58.44%,Gen,9132
1972,"Goa, D&D",Benaulim,23,Vasudeo Narayan Sarmalkar,M,UGP,Hand,14247,4808,76.87%,Gen,8591
1972,"Goa, D&D",Navelim,24,Leo Velho Mauricio,M,UGP,Hand,19131,4841,69.77%,Gen,10919
1972,"Goa, D&D",Margao,25,Ananta Narcinva Naik,M,UGP,Hand,13721,2390,54.05%,Gen,8990
1972,"Goa, D&D",Curtorim,26,F. E. S. Silveira Martinho,M,UGP,Hand,17786,5081,68.16%,Gen,10446
1972,"Goa, D&D",Cortalim,27,Barbosa Luis Paleixo,M,UGP,Hand,16590,6413,77.79%,Gen,9553
1972,"Goa, D&D",Mormugao,28,Joshi Vassant Subraya,M,MGP,Lion,27967,1040,37.79%,Gen,14005
1972,"Goa, D&D",Daman,29,H. Vallabhabhai Tendel,M,INC,Bullocks,18502,379,50.46%,Gen,15316
1972,"Goa, D&D",Diu,30,Fordo Narayan Shrinivas,M,IND,NA,11600,1280,58.08%,Gen,7916
1977,"Goa, D&D",Pernem,1,Deu Mandrekar,M,MGP,Lion,15303,1988,50.30%,SC,8062
1977,"Goa, D&D",Mandrem,2,Ramakant Khalap,M,MGP,Lion,15267,2019,56.64%,Gen,9713
1977,"Goa, D&D",Siolim,3,Chandrakant Chodankar,M,MGP,Lion,17903,2877,52.69%,Gen,11727
1977,"Goa, D&D",Calangute,4,Fernandes Rual Ilario,M,MGP,Lion,18916,286,39.30%,Gen,11898
1977,"Goa, D&D",Mapusa,5,Surendra Sirsat,M,MGP,Lion,18906,1666,43.26%,Gen,12200
1977,"Goa, D&D",Tivim,6,Dayanand Narvekar,M,MGP,Lion,17759,463,41.90%,Gen,11034
1977,"Goa, D&D",Bicholim,7,Shashikala Kakodkar,F,MGP,Lion,16906,3120,56.46%,Gen,12351
1977,"Goa, D&D",Pale,8,Laxmikant Shenvi Surlikar,M,INC,Hand,16791,356,45.30%,Gen,11489
1977,"Goa, D&D",Sattari,9,Pratapsingh Rane,M,INC,Hand,14998,1111,41.72%,Gen,10113
1977,"Goa, D&D",Panaji,10,Madhav R. Bir,M,JP,Haldhar,15666,1006,40.95%,Gen,8749
1977,"Goa, D&D",St. Cruz,11,Jack de Sequeira,M,JP,Haldhar,14414,1806,46.11%,Gen,9786
1977,"Goa, D&D",Cumbarjua,12,Vinayak Ghodankar,M,MGP,Lion,16850,968,48.64%,Gen,10704
1977,"Goa, D&D",St. Andre,13,Shripad Guncolienkar,M,INC,Hand,13565,162,34.09%,Gen,8367
1977,"Goa, D&D",Marcaim,14,Bandodcar Krishna Ragu,M,MGP,Lion,15349,3846,60.72%,Gen,10452
1977,"Goa, D&D",Ponda,15,Rhoidas Naik,M,MGP,Lion,14642,313,46.24%,Gen,10387
1977,"Goa, D&D",Siroda,16,Naik Jayakrishna Putu,M,MGP,Lion,16104,2976,58.63%,Gen,10325
1977,"Goa, D&D",Sanguem,17,Marather Sadashiv Vaman,M,MGP,Lion,16850,848,50.18%,Gen,10683
1977,"Goa, D&D",Rivona,18,Dessai Dilkush Fettu,M,MGP,Lion,13078,1071,40.25%,Gen,8796
1977,"Goa, D&D",Canacona,19,Gaonkar Vasu Paik,M,MGP,Lion,15833,2531,49.84%,Gen,11300
1977,"Goa, D&D",Quepem,20,Vaikunth Desai,M,INC,Hand,17045,571,40.66%,Gen,10455
1977,"Goa, D&D",Cuncolim,21,Ferdino Rebello,M,JP,Haldhar,18605,40,31.81%,Gen,10578
1977,"Goa, D&D",Benaulim,22,Lourence Pedro Cota,M,INC,Hand,17669,1079,42.91%,Gen,9879
1977,"Goa, D&D",Navelim,23,Leo Velho Mauricio,M,INC,Hand,15290,2009,49.35%,Gen,9064
1977,"Goa, D&D",Margao,24,Ananta Narcinava Naik,M,INC,Hand,14737,1787,49.17%,Gen,9332
1977,"Goa, D&D",Curtorim,25,Francisco Sardinha,M,INC,Hand,17401,1128,42.30%,Gen,9458
1977,"Goa, D&D",Cortalim,26,Froilano Machado,M,INC,Hand,14966,2223,50.96%,Gen,9279
1977,"Goa, D&D",Dabolim,27,Shankar Vishveswar Laad,M,MGP,Lion,14149,612,39.01%,Gen,7939
1977,"Goa, D&D",Mormugao,28,Sheikh Hassan Haroon,M,INC,Hand,16375,641,38.62%,Gen,8518
1977,"Goa, D&D",Daman,29,Makanbhai Morarji Bhathela,M,IND,NA,20640,22,45.77%,Gen,14411
1977,"Goa, D&D",Diu,30,Narayan Shrinivas Fugro,M,IND,NA,13834,1957,56.41%,Gen,10070
1980,"Goa, D&D",Pernem,1,Deu Mandrekar,M,MGP,Lion,15427,2411,51.95%,SC,9404
1980,"Goa, D&D",Mandrem,2,Ramakant Khalap,M,MGP,Lion,15712,402,50.73%,Gen,11592
1980,"Goa, D&D",Siolim,3,Chandrakant Chodankar,M,IND,NA,18603,1757,46.35%,Gen,13111
1980,"Goa, D&D",Calangute,4,Wilfred de Souza,M,INC(U),Charkha,20083,1414,51.01%,Gen,14190
1980,"Goa, D&D",Mapusa,5,Nevagi Shamsunder,M,INC(U),Charkha,19210,1081,49.20%,Gen,14056
1980,"Goa, D&D",Tivim,6,Dayanand Narvekar,M,INC(U),Charkha,19788,3805,61.43%,Gen,13952
1980,"Goa, D&D",Bicholim,7,Harish Zantye,M,IND,NA,17813,2373,58.28%,Gen,14750
1980,"Goa, D&D",Pale,8,Naik Vishnu Rama,M,MGP,Lion,17967,895,43.07%,Gen,14012
1980,"Goa, D&D",Satari,9,Pratapsingh Rane,M,INC(U),Charkha,16305,2072,44.71%,Gen,12432
1980,"Goa, D&D",Panaji,10,Vishnu Naik,M,IND,NA,16531,829,36.56%,Gen,11173
1980,"Goa, D&D",Santa Cruz,11,Michael Fernandes,M,INC(U),Charkha,15757,1464,42.11%,Gen,11246
1980,"Goa, D&D",Cumbarjua,12,Vinayak Chodankar,M,MGP,Lion,17191,1733,41.36%,Gen,12170
1980,"Goa, D&D",Santo Andre,13,Teotonio Pereira,M,INC(U),Charkha,14136,771,44.38%,Gen,9918
1980,"Goa, D&D",Marcaim,14,Gaunkar Babuso Saulo,M,MGP,Lion,16272,3222,54.76%,Gen,12133
1980,"Goa, D&D",Ponda,15,Aguiar Joildo Souza,M,INC(U),Charkha,19695,691,47.77%,Gen,14367
1980,"Goa, D&D",Siroda,16,Prabhu Ramchandra,M,INC(U),Charkha,17589,424,47.86%,Gen,13450
1980,"Goa, D&D",Sanguem,17,Naik Tari Gurudas,M,INC(U),Charkha,17874,1803,51.56%,Gen,12774
1980,"Goa, D&D",Rivona,18,Dessai Dilkush Fettu,M,INC(U),Charkha,14124,476,42.21%,Gen,10216
1980,"Goa, D&D",Canacona,19,Gaonkar Vassu Paik,M,INC(U),Charkha,17463,5103,69.35%,Gen,13143
1980,"Goa, D&D",Quepem,20,Vaikunth Desai,M,INC(U),Charkha,19242,2599,56.29%,Gen,12872
1980,"Goa, D&D",Cuncolim,21,Jose Vaz,M,INC(U),Charkha,19199,4773,67.54%,Gen,11133
1980,"Goa, D&D",Benaulim,22,Cruz Monte Piedade,M,INC(U),Charkha,18049,6084,74.20%,Gen,10977
1980,"Goa, D&D",Navelim,23,Luizinho Faleiro,M,INC(U),Charkha,16881,5428,73.72%,Gen,10698
1980,"Goa, D&D",Margao,24,Naik Anant Narcinva,M,INC(U),Charkha,15337,3874,68.17%,Gen,9731
1980,"Goa, D&D",Curtorim,25,Francisco Sardinha,M,INC(U),Charkha,18171,4857,67.71%,Gen,11308
1980,"Goa, D&D",Cortalim,26,Froilano Machado,M,INC(U),Charkha,16369,3219,58.74%,Gen,11030
1980,"Goa, D&D",Dabolim,27,Douradao Narculano Luis,M,INC(U),Charkha,18663,3270,48.72%,Gen,12236
1980,"Goa, D&D",Mormugao,28,Sheikh Hassan Haroon,M,INC(U),Charkha,16108,679,45.49%,Gen,9157
1980,"Goa, D&D",Daman,29,Tandel Narsinhbai,M,MGP,Lion,22251,2645,46.75%,Gen,15070
1980,"Goa, D&D",Diu,30,Solanki Somji Bhikha,M,MGP,Lion,14842,1399,56.56%,Gen,10972
1984,"Goa, D&D",Pernem,1,Shambhu Bandekar,M,INC,Hand,17214,1822,55.43%,SC,11812
1984,"Goa, D&D",Mandrem,2,Ramakant Khalap,M,MGP,Lion,17605,712,52.12%,Gen,13222
1984,"Goa, D&D",Siolim,3,Ashok Parulekar,M,MGP,Lion,20412,2102,48.77%,Gen,14891
1984,"Goa, D&D",Calangute,4,Manuel Caldeira,M,INC,Hand,22310,1941,53.42%,Gen,15620
1984,"Goa, D&D",Mapusa,5,Chandrashekhar Diukar,M,MGP,Lion,20918,1288,50.11%,Gen,15312
1984,"Goa, D&D",Tivim,6,Dayanand Narvekar,M,INC,Hand,21802,4203,63.22%,Gen,16104
1984,"Goa, D&D",Bicholim,7,Harish Zantye,M,INC,Hand,19401,3115,60.15%,Gen,15820
1984,"Goa, D&D",Pale,8,Chandrakant Chodankar,M,MGP,Lion,19812,912,45.12%,Gen,15102
1984,"Goa, D&D",Satari,9,Pratapsingh Rane,M,INC,Hand,18124,2812,46.54%,Gen,14203
1984,"Goa, D&D",Panaji,10,J. B. Gonsalves,M,INC,Hand,18411,942,38.22%,Gen,12301
1984,"Goa, D&D",Santa Cruz,11,Francisco Monte Cruz,M,INC,Hand,17612,1602,44.15%,Gen,12112
1984,"Goa, D&D",Cumbarjua,12,Vinayak Chodankar,M,MGP,Lion,18912,1841,43.12%,Gen,13012
1984,"Goa, D&D",Santo Andre,13,Teotonio Pereira,M,INC,Hand,15820,891,46.21%,Gen,11041
1984,"Goa, D&D",Marcaim,14,Babuso Gaonkar,M,MGP,Lion,18124,3403,56.41%,Gen,13822
1984,"Goa, D&D",Ponda,15,Ravi Naik,M,MGP,Lion,21412,742,49.22%,Gen,15820
1984,"Goa, D&D",Siroda,16,Subhash Shirodkar,M,INC,Hand,19411,501,49.12%,Gen,14921
1984,"Goa, D&D",Sanguem,17,Gurudas Naik Tari,M,INC,Hand,19820,1942,53.22%,Gen,14124
1984,"Goa, D&D",Rivona,18,Prakash Velip,M,MGP,Lion,15920,512,44.12%,Gen,11402
1984,"Goa, D&D",Canacona,19,Vassu Paik Gaonkar,M,INC,Hand,19301,5420,71.12%,Gen,14821
1984,"Goa, D&D",Quepem,20,Vaikunth Desai,M,INC,Hand,21302,2801,58.11%,Gen,14622
1984,"Goa, D&D",Cuncolim,21,Manuel Gregorio,M,INC,Hand,21212,4921,69.42%,Gen,12411
1984,"Goa, D&D",Benaulim,22,Monte Cruz,M,INC,Hand,20412,6322,76.11%,Gen,12302
1984,"Goa, D&D",Navelim,23,Luizinho Faleiro,M,INC,Hand,18920,5612,75.42%,Gen,11822
1984,"Goa, D&D",Margao,24,Uday Bhembre,M,IND,NA,17411,4124,70.22%,Gen,11102
1984,"Goa, D&D",Curtorim,25,Francisco Sardinha,M,INC,Hand,20312,5103,69.81%,Gen,12822
1984,"Goa, D&D",Cortalim,26,Luis Proto Barbosa,M,INC,Hand,18402,3421,60.12%,Gen,12411
1984,"Goa, D&D",Dabolim,27,Herculano Dourado,M,INC,Hand,20920,3512,50.12%,Gen,13822
1984,"Goa, D&D",Mormugao,28,Sheikh Hassan Haroon,M,INC,Hand,18102,712,47.11%,Gen,10412
1984,"Goa, D&D",Daman,29,Narsinhbai Tandel,M,IND,NA,24912,2821,48.22%,Gen,17212
1984,"Goa, D&D",Diu,30,Somji Bhikha Solanki,M,INC,Hand,16512,1512,58.21%,Gen,12412
1989,Goa,Mandrem,1,Ramakant Khalap,M,MGP,Lion,16645,1281,52.61%,Gen,13120
1989,Goa,Pernem,2,Shankar K. Salgoankar,M,MGP,Lion,15294,3529,62.00%,Gen,11711
1989,Goa,Dargalim,3,Deu Gunaji Mandrekar,M,MGP,Lion,12530,5425,74.52%,SC,9060
1989,Goa,Tivim,4,Vinayak Vitthal Naik,M,MGP,Lion,19917,2033,48.18%,Gen,14554
1989,Goa,Mapusa,5,Surendra Sirsat,M,MGP,Lion,19580,2157,43.92%,Gen,13570
1989,Goa,Siolim,6,Ashok Salgaonkar,M,MGP,Lion,19407,13,45.17%,Gen,14641
1989,Goa,Calangute,7,Suresh Parulekar,M,INC,Hand,19526,236,50.42%,Gen,14551
1989,Goa,Saligao,8,Wilfred de Souza,M,INC,Hand,16107,427,50.98%,Gen,12479
1989,Goa,Aldona,9,Ratnakar Chopdekar,M,MGP,Lion,22860,333,50.82%,Gen,16605
1989,Goa,Panaji,10,Joan B. Gonsalves,M,INC,Hand,15633,1068,39.63%,Gen,10260
1989,Goa,Taleigao,11,Somnath Zuwarkar,M,INC,Hand,17077,1379,44.51%,Gen,11615
1989,Goa,Santa Cruz,12,Victor B. Gonsalves,M,INC,Hand,20671,1297,41.03%,Gen,14436
1989,Goa,Santo Andre,13,Carmo R. A. J. Pegado,M,IND,NA,17816,1370,40.29%,Gen,12955
1989,Goa,Cumbarjua,14,Dharma V. Chodankar,M,MGP,Lion,20496,456,38.51%,Gen,15076
1989,Goa,Bicholim,15,Pandurang Raut,M,MGP,Lion,17026,1568,50.74%,Gen,13244
1989,Goa,Maem,16,Shashikala Kakodkar,F,MGP,Lion,14875,4612,64.33%,Gen,11669
1989,Goa,Pale,17,Vinay Kumar Usgonkar,M,MGP,Lion,19048,5188,62.33%,Gen,13275
1989,Goa,Poriem,18,Pratapsingh Rane,M,INC,Hand,16166,2105,57.99%,Gen,12975
1989,Goa,Valpoi,19,Balkrishna Prabhu,M,INC,Hand,12993,1130,54.91%,Gen,10223
1989,Goa,Ponda,20,Shivdas Verekar,M,MGP,Lion,21530,1945,43.33%,Gen,14628
1989,Goa,Priol,21,Dr. Kashinath Jalmi,M,MGP,Lion,21273,7753,72.55%,Gen,16521
1989,Goa,Marcaim,22,Ravi Sitaram Naik,M,MGP,Lion,20185,1651,43.30%,Gen,15423
1989,Goa,Siroda,23,Subhash Shirodkar,M,INC,Hand,19154,285,42.18%,Gen,14622
1989,Goa,Mormugao,24,Sheikh Hassan Haroon,M,INC,Hand,25038,212,37.47%,Gen,14751
1989,Goa,Vasco Da Gama,25,Simon Peter D'Souza,M,INC,Hand,22498,325,36.91%,Gen,13996
1989,Goa,Cortalim,26,Godinho Mauvin,M,INC,Hand,20566,836,40.08%,Gen,15183
1989,Goa,Loutolim,27,Luis Proto Barbosa,M,INC,Hand,16085,115,37.40%,Gen,11122
1989,Goa,Benaulim,28,Churchill Alemao,M,INC,Hand,17524,5554,70.44%,Gen,13238
1989,Goa,Fatorda,29,Luis Alex Cardoz,M,INC,Hand,17985,1865,44.79%,Gen,12639
1989,Goa,Margao,30,Ananta Narcinva Naik,M,IND,NA,19058,452,51.11%,Gen,12798
1989,Goa,Curtorim,31,Francisco Sardinha,M,INC,Hand,18646,4940,NA,Gen,13302
1989,Goa,Navelim,32,Luizinho Faleiro,M,INC,Hand,21425,NA,NA,Gen,NA
1989,Goa,Velim,33,Farrel Benito Furtado,F,INC,Hand,17646,6706,NA,Gen,11604
1989,Goa,Cuncolim,34,Manuel G. Fernandes,M,INC,Hand,19089,1051,NA,Gen,13009
1989,Goa,Sanvordem,35,Mohan Anant Amashekar,M,MGP,Lion,20765,3349,NA,Gen,15115
1989,Goa,Sanguem,36,Ranu Anant Prabhu Desai,M,MGP,Lion,16227,2583,NA,Gen,12454
1989,Goa,Curchorem,37,Domnick Fernandes,M,INC,Hand,19755,1376,NA,Gen,15083
1989,Goa,Quepem,38,Prakash Shankar Valip,M,MGP,Lion,19743,4310,NA,Gen,15049
1989,Goa,Canacona,39,Sanjay Vimal Bandekar,M,MGP,Lion,14334,3330,NA,Gen,10680
1989,Goa,Poinguinim,40,Vasu Paik Gaonkar,M,INC,Hand,11794,85,NA,Gen,9176
1994,Goa,Mandrem,1,Parab Sangeeta Gopal,F,INC,Hand,18072,633,50.12%,Gen,14101
1994,Goa,Pernem,2,Kotkar Parshuram Nagesh,M,MGP,Lion,21628,4279,63.10%,Gen,16752
1994,Goa,Dargalim,3,Deu Mandrekar,M,MGP,Lion,18360,1235,47.00%,SC,12593
1994,Goa,Tivim,4,Dayanand Narvekar,M,INC,Hand,21628,484,64.80%,Gen,14010
1994,Goa,Mapusa,5,Francis D'Souza,M,MGP,Lion,22104,1421,52.00%,Gen,15312
1994,Goa,Siolim,6,Chodankar Chandrakant Uttam,M,MGP,Lion,22603,2046,74.20%,Gen,16765
1994,Goa,Calangute,7,Cardoz Lebart Tomazin,M,INC,Hand,21769,3970,71.00%,Gen,15464
1994,Goa,Saligao,8,Wilfred Anthony D'Souza,M,INC,Hand,18894,1295,76.30%,Gen,14414
1994,Goa,Aldona,9,D'Sa Fatima Joseph Philip,F,INC,Hand,25880,511,69.70%,Gen,18051
1994,Goa,Panaji,10,Manohar Parrikar,M,BJP,Lotus,16881,1066,62.50%,Gen,10547
1994,Goa,Taleigao,11,Somnath Datta Zuwarkar,M,INC,Hand,20900,2141,65.91%,Gen,13776
1994,Goa,Santa Cruz,12,Victoria Fernandes,F,IND,NA,22412,1203,42.12%,Gen,14203
1994,Goa,St. Andre,13,Pandurang Madkaikar,M,MGP,Lion,19412,1041,45.12%,Gen,12822
1994,Goa,Cumbarjua,14,Dharma Chodankar,M,MGP,Lion,20912,1512,43.12%,Gen,13822
1994,Goa,Bicholim,15,Pandurang Raut,M,MGP,Lion,18124,2142,51.12%,Gen,14203
1994,Goa,Maem,16,Shashikala Kakodkar,F,MGP,Lion,15921,4612,64.33%,Gen,11402
1994,Goa,Sanquelim,17,Pandurang Madkaikar,M,MGP,Lion,19820,1942,53.22%,Gen,14124
1994,Goa,Poriem,18,Pratapsingh Rane,M,INC,Hand,18124,2812,58.00%,Gen,14203
1994,Goa,Valpoi,19,Narvenkar S. S.,M,INC,Hand,14312,1130,54.91%,Gen,10680
1994,Goa,Priol,20,Jalmi Kashinath Achyut,M,MGP,Lion,23021,1342,77.90%,Gen,17940
1994,Goa,Ponda,21,Shivdas Verekar,M,MGP,Lion,21530,1945,43.33%,Gen,14628
1994,Goa,Marcaim,22,Shripad Yesso Naik,M,BJP,Lotus,21966,2700,79.20%,Gen,17399
1994,Goa,Siroda,23,Subhash Ankush Shirodkar,M,INC,Hand,21151,103,79.60%,Gen,16830
1994,Goa,Mormugao,24,Vaz John Manuel H.,M,IND,NA,30235,2321,59.70%,Gen,18042
1994,Goa,Vasco Da Gama,25,Menezes Wilfred Mesquita,M,MGP,Lion,27921,1593,37.48%,Gen,17237
1994,Goa,Cortalim,26,Mauvin Heliodoro G.M.,M,INC,Hand,24476,3059,68.50%,Gen,16771
1994,Goa,Loutolim,27,Aleixo Sequeira,M,INC,Hand,17484,1669,73.40%,Gen,12836
1994,Goa,Benaulim,28,Churchill Alemao,M,UGDP,Two Candles,19409,94,71.40%,Gen,13851
1994,Goa,Fatorda,29,Luis Alex Cardoz,M,INC,Hand,17985,1865,44.79%,Gen,12639
1994,Goa,Margao,30,Digambar Kamat,M,INC,Hand,19058,452,51.11%,Gen,12798
1994,Goa,Curtorim,31,Francisco Sardinha,M,INC,Hand,18646,4940,68.16%,Gen,13302
1994,Goa,Navelim,32,Luizinho Faleiro,M,INC,Hand,23314,2882,68.60%,Gen,15998
1994,Goa,Velim,33,Fernandes Manu,M,IND,NA,18152,2477,64.80%,Gen,11762
1994,Goa,Cuncolim,34,D'Souza Arecio Agapito,M,UGDP,Two Candles,20032,1051,67.40%,Gen,13492
1994,Goa,Sanvordem,35,Vishwajit Rane,M,MGP,Lion,20765,3349,70.00%,Gen,15115
1994,Goa,Sanguem,36,Ranu Prabhu Desai,M,MGP,Lion,16227,2583,62.00%,Gen,12454
1994,Goa,Curchorem,37,Domnick Fernandes,M,INC,Hand,19755,1376,68.00%,Gen,15083
1994,Goa,Quepem,38,Prakash Valip,M,MGP,Lion,19743,4310,69.00%,Gen,15049
1994,Goa,Canacona,39,Sanjay Vimal Bandekar,M,INC,Hand,15503,1297,51.78%,Gen,11931
1994,Goa,Poinguinim,40,Vasu Paik Gaonkar,M,INC,Hand,11794,85,61.00%,Gen,9176
1999,Goa,Mandrem,1,Ramakant Khalap,M,MGP,Lion,18245,1421,52.10%,Gen,14520
1999,Goa,Pernem,2,Jitendra Deshprabhu,M,INC,Hand,22104,2102,55.40%,Gen,16852
1999,Goa,Dargalim,3,Deu Mandrekar,M,MGP,Lion,18530,1130,48.20%,SC,12893
1999,Goa,Tivim,4,Dayanand Narvekar,M,INC,Hand,21928,4203,63.20%,Gen,15104
1999,Goa,Mapusa,5,Francis D'Souza,M,MGP,Lion,22412,1421,51.10%,Gen,15820
1999,Goa,Siolim,6,Dayanand Mandrekar,M,BJP,Lotus,22812,912,48.10%,Gen,16921
1999,Goa,Calangute,7,Suresh Parulekar,M,INC,Hand,22124,1841,53.20%,Gen,15822
1999,Goa,Saligao,8,Wilfred de Souza,M,GNC,Two Candles,19411,742,49.20%,Gen,14312
1999,Goa,Aldona,9,Dayanand Narvekar,M,INC,Hand,25920,501,49.10%,Gen,18411
1999,Goa,Panaji,10,Manohar Parrikar,M,BJP,Lotus,18609,1942,53.20%,Gen,11822
1999,Goa,Taleigao,11,Somnath Zuwarkar,M,INC,Hand,21412,5420,71.10%,Gen,14821
1999,Goa,Santa Cruz,12,Victoria Fernandes,F,INC,Hand,22302,2801,58.10%,Gen,14622
1999,Goa,St. Andre,13,Francisco Silveira,M,INC,Hand,21212,4921,69.40%,Gen,12411
1999,Goa,Cumbarjua,14,Nirmala Sawant,F,INC,Hand,20412,6322,76.10%,Gen,12302
1999,Goa,Bicholim,15,Pandurang Raut,M,MGP,Lion,18920,5612,75.40%,Gen,11822
1999,Goa,Maem,16,Prakash Phadte,M,BJP,Lotus,17411,4124,70.20%,Gen,11102
1999,Goa,Sanquelim,17,Pratapsingh Rane,M,INC,Hand,20312,5103,69.80%,Gen,12822
1999,Goa,Poriem,18,Pratapsingh Rane,M,INC,Hand,18402,3421,60.10%,Gen,12411
1999,Goa,Valpoi,19,Narvenkar Venkatesh,M,INC,Hand,20920,3512,50.10%,Gen,13822
1999,Goa,Priol,20,Kashinath Jalmi,M,MGP,Lion,22314,2882,68.60%,Gen,15998
1999,Goa,Ponda,21,Ravi Naik,M,INC,Hand,18152,2477,64.80%,Gen,11762
1999,Goa,Marcaim,22,Shripad Naik,M,BJP,Lotus,20032,1051,67.40%,Gen,13492
1999,Goa,Siroda,23,Subhash Shirodkar,M,INC,Hand,20765,3349,70.00%,Gen,15115
1999,Goa,Mormugao,24,Sheikh Hassan Haroon,M,INC,Hand,16227,2583,62.00%,Gen,12454
1999,Goa,Vasco Da Gama,25,Jose Philip D'Souza,M,NCP,Clock,19755,1376,68.00%,Gen,15083
1999,Goa,Cortalim,26,Mauvin Godinho,M,INC,Hand,19743,4310,69.00%,Gen,15049
1999,Goa,Loutolim,27,Aleixo Sequeira,M,INC,Hand,15503,1297,51.80%,Gen,11931
1999,Goa,Benaulim,28,Churchill Alemao,M,INC,Hand,11794,85,61.00%,Gen,9176
1999,Goa,Fatorda,29,Luis Alex Cardoz,M,INC,Hand,17214,1822,55.40%,Gen,11812
1999,Goa,Margao,30,Digambar Kamat,M,INC,Hand,17605,712,52.10%,Gen,13222
1999,Goa,Curtorim,31,Francisco Sardinha,M,INC,Hand,20412,2102,48.80%,Gen,14891
1999,Goa,Navelim,32,Luizinho Faleiro,M,INC,Hand,22310,1941,53.40%,Gen,15620
1999,Goa,Velim,33,Filipe Nery Rodrigues,M,INC,Hand,20918,1288,50.10%,Gen,15312
1999,Goa,Cuncolim,34,Arecio D'Souza,M,UGDP,Two Candles,21802,4203,63.20%,Gen,16104
1999,Goa,Sanvordem,35,Vinaykumar Usgaonkar,M,MGP,Lion,19401,3115,60.20%,Gen,15820
1999,Goa,Sanguem,36,Prakash Velip,M,MGP,Lion,19812,912,45.10%,Gen,15102
1999,Goa,Curchorem,37,Domnick Fernandes,M,INC,Hand,18124,2812,46.50%,Gen,14203
1999,Goa,Quepem,38,Prakash Valip,M,MGP,Lion,18411,942,38.20%,Gen,12301
1999,Goa,Canacona,39,Sanjay Bandekar,M,INC,Hand,17612,1602,44.20%,Gen,12112
1999,Goa,Poinguinim,40,Isidore Fernandes,M,INC,Hand,18912,1841,43.10%,Gen,13012
2002,Goa,Mandrem,1,Laximikant Parsekar,M,BJP,Lotus,19466,908,78.40%,GEN,15257
2002,Goa,Pernem,2,Jitendra Deshprabhu,M,INC,Hand,18223,2329,77.20%,GEN,14069
2002,Goa,Dargalim,3,Manohar Azgaonkar,M,BJP,Lotus,15672,5762,73.00%,SC,11437
2002,Goa,Tivim,4,Sadanand Shet,M,BJP,Lotus,25570,521,71.00%,GEN,18150
2002,Goa,Mapusa,5,Francis D'Souza,M,BJP,Lotus,25925,2107,62.00%,GEN,16065
2002,Goa,Siolim,6,Dayanand Mandrekar,M,BJP,Lotus,24961,1907,70.80%,GEN,17682
2002,Goa,Calangute,7,Agnelo Fernandes,M,INC,Hand,26580,2070,68.50%,GEN,18220
2002,Goa,Saligao,8,Wilfred D'Souza,M,NCP,Clock,21051,726,70.70%,GEN,14873
2002,Goa,Aldona,9,Dayanand Narvekar,M,INC,Hand,29912,2013,65.70%,GEN,19657
2002,Goa,Panaji,10,Manohar Parrikar,M,BJP,Lotus,15581,1292,65.90%,GEN,10274
2002,Goa,Taleigao,11,Atanasio Monserrate,M,UGDP,Two Candles,25499,2261,67.10%,GEN,17118
2002,Goa,Santa Cruz,12,Victoria Fernandes,F,INC,Hand,25858,40,64.20%,GEN,16607
2002,Goa,St. Andre,13,Francis Silveira,M,INC,Hand,22207,2786,70.50%,GEN,15659
2002,Goa,Cumbarjua,14,Pandurang Madkaikar,M,MAG,Lion,25679,608,67.90%,GEN,17431
2002,Goa,Bicholim,15,Rajesh Patnekar,M,BJP,Lotus,21090,2560,78.30%,GEN,16518
2002,Goa,Maem,16,Harish Zantye,M,INC,Hand,18552,1956,71.90%,GEN,13347
2002,Goa,Pale,17,Suresh Amonkar,M,BJP,Lotus,22321,1554,76.60%,GEN,17109
2002,Goa,Poriem,18,Pratapsingh Rane,M,INC,Hand,21217,2569,77.20%,GEN,16378
2002,Goa,Valpoi,19,Narahari Haldankar,M,BJP,Lotus,16079,352,77.20%,GEN,12409
2002,Goa,Ponda,20,Ravi Naik,M,INC,Hand,31651,1320,67.70%,GEN,21428
2002,Goa,Priol,21,Vishwas Satarkar,M,BJP,Lotus,25802,1662,75.20%,GEN,19416
2002,Goa,Marcaim,22,Sudin Dhavalikar,M,MAG,Lion,23891,7850,76.10%,GEN,18192
2002,Goa,Siroda,23,Subhash Shirodkar,M,INC,Hand,23958,1135,78.40%,GEN,18781
2002,Goa,Mormugao,24,Giovanni Karl Vaz,M,INC,Hand,27505,443,54.50%,GEN,14999
2002,Goa,Vasco Da Gama,25,Rajendra Arlekar,M,BJP,Lotus,28007,1096,56.20%,GEN,15750
2002,Goa,Cortalim,26,Matanhy Saldanha,M,UGDP,Two Candles,27506,850,64.60%,GEN,17774
2002,Goa,Loutolim,27,Aleixo Sequeira,M,INC,Hand,21140,4754,66.80%,GEN,14113
2002,Goa,Benaulim,28,Francisco Pacheco,M,UGDP,Two Candles,22274,1049,67.60%,GEN,15050
2002,Goa,Fatorda,29,Damodar Naik,M,BJP,Lotus,26681,588,61.10%,GEN,16294
2002,Goa,Margao,30,Digambar Kamat,M,BJP,Lotus,23690,4744,55.10%,GEN,13047
2002,Goa,Curtorim,31,Francisco Sardinha,M,INC,Hand,23896,2851,66.10%,GEN,15804
2002,Goa,Navelim,32,Luizinho Faleiro,M,INC,Hand,29334,4577,58.70%,GEN,17221
2002,Goa,Velim,33,Filipe Nery Rodrigues,M,IND,NA,20094,5516,64.00%,GEN,12865
2002,Goa,Cuncolim,34,Joaquim Alemao,M,INC,Hand,23136,2388,62.50%,GEN,14450
2002,Goa,Sanvordem,35,Vinay Tendulkar,M,BJP,Lotus,23755,3111,71.50%,GEN,16974
2002,Goa,Sanguem,36,Vasudev Meng Gaonkar,M,BJP,Lotus,18542,837,71.40%,GEN,13234
2002,Goa,Curchorem,37,Ramrao Dessai,M,BJP,Lotus,25101,1779,73.40%,GEN,18415
2002,Goa,Quepem,38,Chandrakant Kalekar,M,INC,Hand,25927,1855,73.10%,GEN,18961
2002,Goa,Canacona,39,Vijay Pai Khot,M,BJP,Lotus,19530,1250,73.50%,GEN,14357
2002,Goa,Poinguinim,40,Isidore Fernandes,M,INC,Hand,15402,1142,72.90%,GEN,11234
2007,Goa,Mandrem,1,Laxmikant Parsekar,M,BJP,Lotus,20602,1710,80.10%,GEN,16510
2007,Goa,Pernem,2,Dayanand Sopte,M,BJP,Lotus,19349,2445,80.90%,GEN,15644
2007,Goa,Dargalim,3,Manohar Ajgaonkar,M,INC,Hand,16345,774,79.80%,SC,13044
2007,Goa,Tivim,4,Nilkanth Halarnkar,M,NCP,Clock,27262,324,72.50%,GEN,19761
2007,Goa,Mapusa,5,Francis D'Souza,M,BJP,Lotus,28344,6846,64.90%,GEN,18387
2007,Goa,Siolim,6,Dayanand Mandrekar,M,BJP,Lotus,25674,2002,70.20%,GEN,18025
2007,Goa,Calangute,7,Agnelo Fernandes,M,INC,Hand,27826,2761,70.10%,GEN,19505
2007,Goa,Saligao,8,Dilip Parulekar,M,BJP,Lotus,22026,1957,70.00%,GEN,15411
2007,Goa,Aldona,9,Dayanand Narvekar,M,INC,Hand,31592,3034,68.90%,GEN,21757
2007,Goa,Panaji,10,Manohar Parrikar,M,BJP,Lotus,14937,1444,70.80%,GEN,10582
2007,Goa,Taleigao,11,Atanasio Monserrate,M,UGDP,Two Candles,28993,4022,66.90%,GEN,19404
2007,Goa,Santa Cruz,12,Victoria Fernandes,F,INC,Hand,29368,1345,69.30%,GEN,20352
2007,Goa,St. Andre,13,Francisco Silveira,M,INC,Hand,22197,2519,68.70%,GEN,15253
2007,Goa,Cumbarjua,14,Pandurang Madkaikar,M,INC,Hand,27785,571,73.20%,GEN,20345
2007,Goa,Bicholim,15,Rajesh Patnekar,M,BJP,Lotus,23176,2695,79.40%,GEN,18401
2007,Goa,Maem,16,Anant V. Shet,M,BJP,Lotus,19137,480,82.20%,GEN,15729
2007,Goa,Pale,17,Gurudas Gauns,M,INC,Hand,23559,1591,79.10%,GEN,18628
2007,Goa,Poriem,18,Pratapsingh Rane,M,INC,Hand,23251,3736,78.50%,GEN,18246
2007,Goa,Valpoi,19,Vishwajit Rane,M,IND,NA,17669,3549,79.90%,GEN,14113
2007,Goa,Ponda,20,Ravi Naik,M,INC,Hand,37068,1656,66.40%,GEN,24606
2007,Goa,Priol,21,Deepak Dhavalikar,M,MAG,Lion,26635,4325,78.00%,GEN,20781
2007,Goa,Marcaim,22,Sudin Dhavalikar,M,MAG,Lion,24750,7609,78.10%,GEN,19339
2007,Goa,Siroda,23,Mahadev Naik,M,BJP,Lotus,25791,249,77.40%,GEN,19964
2007,Goa,Mormugao,24,Milind Naik,M,BJP,Lotus,28930,2406,61.20%,GEN,17715
2007,Goa,Vasco Da Gama,25,Jose Philip D'Souza,M,NCP,Clock,32541,612,58.80%,GEN,19121
2007,Goa,Cortalim,26,Mauvin Godinho,M,INC,Hand,34947,1682,63.50%,GEN,22203
2007,Goa,Loutolim,27,Aleixo Sequeira,M,INC,Hand,22626,1541,65.70%,GEN,14869
2007,Goa,Benaulim,28,Francisco Pacheco,M,NCP,Clock,23453,756,66.80%,GEN,15678
2007,Goa,Fatorda,29,Damodar Naik,M,BJP,Lotus,32630,1771,60.80%,GEN,19834
2007,Goa,Margao,30,Digambar Kamat,M,INC,Hand,28141,2028,62.10%,GEN,17480
2007,Goa,Curtorim,31,Aleixo Lourenco,M,SGF,Charkha,26552,1827,64.90%,GEN,17233
2007,Goa,Navelim,32,Churchill Alemao,M,SGF,Charkha,34947,4504,65.90%,GEN,23020
2007,Goa,Velim,33,Filipe Nery Rodrigues,M,INC,Hand,20405,2754,64.60%,GEN,13183
2007,Goa,Cuncolim,34,Joaquim Alemao,M,INC,Hand,24150,5501,63.10%,GEN,15229
2007,Goa,Sanvordem,35,Anil Salgaonkar,M,IND,NA,25551,6923,76.90%,GEN,19657
2007,Goa,Sanguem,36,Vasudev Gaonkar,M,BJP,Lotus,19677,2305,74.30%,GEN,14616
2007,Goa,Curchorem,37,Shyam Satardekar,M,INC,Hand,28519,1899,70.50%,GEN,20115
2007,Goa,Quepem,38,Chandrakant Kavalekar,M,INC,Hand,28167,1163,75.70%,GEN,21320
2007,Goa,Canacona,39,Vijay Pai Khot,M,BJP,Lotus,21780,1212,75.00%,GEN,16330
2007,Goa,Poinguinim,40,Ramesh Tawadkar,M,BJP,Lotus,13850,1421,78.50%,GEN,10870
2012,Goa,Mandrem,1,Laxmikant Parsekar,M,BJP,Lotus,29364,3435,46.11%,GEN,25928
2012,Goa,Pernem,2,Rajendra Arlekar,M,BJP,Lotus,29515,8353,63.37%,SC,25890
2012,Goa,Bicholim,3,Naresh Rajaram Sawal,M,IND,NA,23894,1799,39.68%,GEN,20994
2012,Goa,Tivim,4,Kiran Mohan Kandolkar,M,BJP,Lotus,23607,1112,51.56%,GEN,20314
2012,Goa,Mapusa,5,Francis D'Souza,M,BJP,Lotus,25659,10169,74.00%,GEN,20209
2012,Goa,Siolim,6,Dayanand Mandrekar,M,BJP,Lotus,26344,2171,52.83%,GEN,21635
2012,Goa,Saligao,7,Dilip Parulekar,M,BJP,Lotus,23782,5808,51.96%,GEN,19409
2012,Goa,Calangute,8,Michael Vincent Lobo,M,BJP,Lotus,22178,1869,53.91%,GEN,18348
2012,Goa,Porvorim,9,Rohan Khaunte,M,IND,NA,21209,901,47.93%,GEN,16631
2012,Goa,Aldona,10,Ticlo Glenn J V A E Souza,M,BJP,Lotus,25112,3476,55.77%,GEN,20289
2012,Goa,Panaji,11,Manohar Parrikar,M,BJP,Lotus,21355,6068,78.50%,GEN,16763
2012,Goa,Taleigao,12,Jennifer A. Monserrate,F,INC,Hand,25916,1151,81.00%,GEN,20996
2012,Goa,St. Cruz,13,Atanasio J. Monserrate,M,INC,Hand,25524,2336,83.80%,GEN,21381
2012,Goa,St. Andre,14,Vishnu Surya Naik Wagh,M,BJP,Lotus,21338,1219,80.60%,GEN,17209
2012,Goa,Cumbarjua,15,Pandurang A. Madkaikar,M,INC,Hand,23757,1575,83.40%,GEN,19817
2012,Goa,Maem,16,Anant Shet,M,BJP,Lotus,25080,5719,89.40%,GEN,22411
2012,Goa,Sanquelim,17,Pramod Sawant,M,BJP,Lotus,24068,6918,89.70%,GEN,21592
2012,Goa,Poriem,18,Pratapsingh Raoji Rane,M,INC,Hand,27820,2547,89.90%,GEN,24997
2012,Goa,Valpoi,19,Vishwajit Pratapsingh Rane,M,INC,Hand,26094,2939,88.60%,GEN,23129
2012,Goa,Priol,20,Pandurang Deepak Dhavalikar,M,MAG,Lion,27595,2100,89.40%,GEN,24668
2012,Goa,Ponda,21,Lavoo Mamledar,M,MAG,Lion,28594,3190,81.20%,GEN,23230
2012,Goa,Siroda,22,Mahadev Narayan Naik,M,BJP,Lotus,26030,2262,88.30%,GEN,22984
2012,Goa,Marcaim,23,Sudin Dhavalikar,M,MAG,Lion,25149,7230,90.20%,GEN,22674
2012,Goa,Mormugao,24,Milind Sagun Naik,M,BJP,Lotus,20348,913,79.80%,GEN,16236
2012,Goa,Vasco-Da-Gama,25,Jose Luis Carlos Almeida,M,BJP,Lotus,28411,4490,76.60%,GEN,21751
2012,Goa,Dabolim,26,Mauvin Heliodoro Godinho,M,INC,Hand,19801,944,77.10%,GEN,15274
2012,Goa,Cortalim,27,Matanhy Saldanha,M,BJP,Lotus,26652,2269,76.60%,GEN,20422
2012,Goa,Nuvem,28,Francisco Xavier Pacheco,M,GVP,Bicycle,27557,4196,78.40%,GEN,21597
2012,Goa,Curtorim,29,Aleixo Reginaldo Lourenco,M,INC,Hand,26271,4069,74.80%,GEN,19647
2012,Goa,Fatorda,30,Vijai Sardesai,M,IND,NA,26925,1939,79.60%,GEN,21441
2012,Goa,Margao,31,Digambar Kamat,M,INC,Hand,28103,4452,78.80%,GEN,22149
2012,Goa,Benaulim,32,Caetano R. Silva,M,GVP,Bicycle,28176,2001,74.90%,GEN,21097
2012,Goa,Navelim,33,Avertano Furtado,M,IND,NA,23903,2145,78.60%,GEN,18780
2012,Goa,Cuncolim,34,Subhash Alias Rajan,M,BJP,Lotus,26764,1313,77.50%,GEN,20740
2012,Goa,Velim,35,Benjamin Silva,M,IND,NA,29336,4926,75.40%,GEN,22128
2012,Goa,Quepem,36,Chandrakant Kavalekar,M,INC,Hand,26357,1840,84.00%,GEN,22140
2012,Goa,Curchorem,37,Nilesh Cabral,M,BJP,Lotus,24150,2450,85.00%,GEN,20527
2012,Goa,Sanvordem,38,Ganesh Gaonkar,M,BJP,Lotus,25101,3111,85.00%,GEN,21335
2012,Goa,Sanguem,39,Subhash U. Phal Dessai,M,BJP,Lotus,18542,837,82.00%,GEN,15204
2012,Goa,Canacona,40,Ramesh Tawadkar,M,BJP,Lotus,19530,1250,73.50%,GEN,14357
2017,Goa,Mandrem,1,Dayanand Sopte,M,INC,Hand,32145,7119,48.20%,GEN,28401
2017,Goa,Pernem,2,Ajgaonkar Manohar,M,BJP,Lotus,31592,6030,51.40%,SC,27651
2017,Goa,Bicholim,3,Rajesh Patnekar,M,BJP,Lotus,26845,666,45.10%,GEN,23894
2017,Goa,Tivim,4,Nilkanth Halarnkar,M,INC,Hand,26025,795,49.30%,GEN,22178
2017,Goa,Mapusa,5,Francis D'Souza,M,BJP,Lotus,27937,6806,54.20%,GEN,21355
2017,Goa,Siolim,6,Vinoda Paliencar,M,GFP,Coconut,28141,1441,44.90%,GEN,22626
2017,Goa,Saligao,7,Jayesh Salgaonkar,M,GFP,Coconut,26552,2137,46.10%,GEN,20405
2017,Goa,Calangute,8,Michael Lobo,M,BJP,Lotus,24961,3825,56.40%,GEN,19505
2017,Goa,Porvorim,9,Rohan Khaunte,M,IND,NA,23903,4213,57.30%,GEN,19409
2017,Goa,Aldona,10,Glenn Ticlo,M,BJP,Lotus,28344,4456,50.10%,GEN,22197
2017,Goa,Panaji,11,Sidharth Kuncalienker,M,BJP,Lotus,21355,1069,53.70%,GEN,16345
2017,Goa,Taleigao,12,Jennifer Monserrate,F,INC,Hand,27826,2855,58.00%,GEN,21628
2017,Goa,St. Cruz,13,Antonio Fernandes,M,INC,Hand,26580,642,43.10%,GEN,22104
2017,Goa,St. Andre,14,Francisco Silveira,M,INC,Hand,22026,1235,45.10%,GEN,18360
2017,Goa,Cumbarjua,15,Pandurang Madkaikar,M,BJP,Lotus,25674,1421,52.00%,GEN,20602
2017,Goa,Maem,16,Pravin Zantye,M,BJP,Lotus,25925,2102,49.20%,GEN,22124
2017,Goa,Sanquelim,17,Pramod Sawant,M,BJP,Lotus,26068,2157,43.90%,GEN,23176
2017,Goa,Poriem,18,Pratapsingh Rane,M,INC,Hand,27820,3120,56.40%,GEN,24750
2017,Goa,Valpoi,19,Vishwajit Rane,M,INC,Hand,26094,5678,57.90%,GEN,23559
2017,Goa,Priol,20,Govind Gaude,M,IND,NA,27595,4686,42.10%,GEN,24947
2017,Goa,Ponda,21,Ravi Naik,M,INC,Hand,31651,1945,43.30%,GEN,25791
2017,Goa,Siroda,22,Subhash Shirodkar,M,INC,Hand,26030,1068,45.10%,GEN,23136
2017,Goa,Marcaim,23,Sudin Dhavalikar,M,MAG,Lion,25149,7753,74.50%,GEN,21966
2017,Goa,Mormugao,24,Milind Naik,M,BJP,Lotus,20348,2033,48.10%,GEN,16881
2017,Goa,Vasco-Da-Gama,25,Carlos Almeida,M,BJP,Lotus,28411,1379,44.50%,GEN,22498
2017,Goa,Dabolim,26,Mauvin Godinho,M,BJP,Lotus,24476,836,40.00%,GEN,20566
2017,Goa,Cortalim,27,Alina Saldanha,F,BJP,Lotus,27506,452,51.10%,GEN,22626
2017,Goa,Nuvem,28,Wilfred D'Sa,M,INC,Hand,27557,1865,50.90%,GEN,21140
2017,Goa,Curtorim,29,Aleixo Lourenco,M,INC,Hand,26271,4940,68.10%,GEN,21425
2017,Goa,Fatorda,30,Vijai Sardesai,M,GFP,Coconut,26925,1827,44.70%,GEN,21780
2017,Goa,Margao,31,Digambar Kamat,M,INC,Hand,28103,4452,51.10%,GEN,22107
2017,Goa,Benaulim,32,Churchill Alemao,M,NCP,Clock,28176,5191,51.50%,GEN,22274
2017,Goa,Navelim,33,Luizinho Faleiro,M,INC,Hand,27334,2478,44.10%,GEN,23690
2017,Goa,Cuncolim,34,Clafasio Dias,M,INC,Hand,26764,3330,40.00%,GEN,23151
2017,Goa,Velim,35,Filipe Nery Rodrigues,M,INC,Hand,29336,1297,37.40%,GEN,23891
2017,Goa,Quepem,36,Chandrakant Kavalekar,M,INC,Hand,29357,2541,42.10%,GEN,26681
2017,Goa,Curchorem,37,Nilesh Cabral,M,BJP,Lotus,24150,6322,56.40%,GEN,21217
2017,Goa,Sanvordem,38,Deepak Pauskar,M,MAG,Lion,25101,1135,42.10%,GEN,23896
2017,Goa,Sanguem,39,Prasad Gaonkar,M,IND,NA,18542,1111,42.10%,GEN,16079
2017,Goa,Canacona,40,Isidore Fernandes,M,INC,Hand,19530,2108,36.90%,GEN,16631
2022,Goa,Mandrem,1,Jit Vinayak Arolkar,M,MGP,Lion,32823,711,35.04%,GEN,"28,843"
2022,Goa,Pernem,2,Pravin Prabhakar Arlekar,M,BJP,Lotus,33354,"3,418",44.73%,SC,"29,425"
2022,Goa,Bicholim,3,Dr. Chandrakant Shetye,M,IND,Independent,28451,311,37.12%,GEN,"25,185"
2022,Goa,Tivim,4,Nilkanth Ramnath Halarnkar,M,BJP,Lotus,29102,"2,051",39.34%,GEN,"24,082"
2022,Goa,Mapusa,5,Joshua Peter De Souza,M,BJP,Lotus,29481,"1,647",44.06%,GEN,"22,504"
2022,Goa,Siolim,6,Delilah Michael Lobo,F,INC,Hand,29642,"1,727",38.89%,GEN,"23,842"
2022,Goa,Saligao,7,Kedar Jayprakash Naik,M,INC,Hand,28102,"1,899",44.97%,GEN,"22,142"
2022,Goa,Calangute,8,Michael Vincent Lobo,M,INC,Hand,29215,"4,979",45.09%,GEN,"23,542"
2022,Goa,Porvorim,9,Rohan Khaunte,M,BJP,Lotus,28542,"7,934",55.16%,GEN,"22,481"
2022,Goa,Aldona,10,Carlos Alvares Ferreira,M,INC,Hand,29142,"1,823",38.14%,GEN,"23,101"
2022,Goa,Panaji,11,Atanasio Monserrate,M,BJP,Lotus,22410,716,38.01%,GEN,"17,215"
2022,Goa,Taleigao,12,Jennifer Monserrate,F,BJP,Lotus,30142,"2,142",43.15%,GEN,"24,185"
2022,Goa,Santa Cruz,13,Rodolfo Louis Fernandes,M,INC,Hand,29152,"2,464",36.54%,GEN,"22,185"
2022,Goa,St. Andre,14,Viresh Borkar,M,RGP,Football,22141,76,33.15%,GEN,"18,142"
2022,Goa,Cumbarjua,15,Rajesh Faldessai,M,INC,Hand,26452,"2,827",36.14%,GEN,"21,542"
2022,Goa,Maem,16,Premendra Vishnu Shet,M,BJP,Lotus,28941,"3,136",37.14%,GEN,"24,185"
2022,Goa,Sanquelim,17,Dr. Pramod Sawant,M,BJP,Lotus,27942,666,47.73%,GEN,"24,185"
2022,Goa,Poriem,18,Deviya Vishwajit Rane,F,BJP,Lotus,32152,"13,943",60.97%,GEN,"28,142"
2022,Goa,Valpoi,19,Vishwajit P. Rane,M,BJP,Lotus,31452,"8,085",53.94%,GEN,"27,142"
2022,Goa,Priol,20,Govind Shepu Gaude,M,BJP,Lotus,31142,213,40.05%,GEN,"27,152"
2022,Goa,Ponda,21,Ravi Naik,M,BJP,Lotus,32185,77,32.14%,GEN,"26,142"
2022,Goa,Siroda,22,Subhash Shirodkar,M,BJP,Lotus,29842,"2,174",36.56%,GEN,"24,185"
2022,Goa,Marcaim,23,Sudin Dhavalikar,M,MGP,Lion,28142,"9,963",58.11%,GEN,"23,185"
2022,Goa,Mormugao,24,Sankalp Amonkar,M,INC,Hand,22415,"1,941",44.57%,GEN,"18,142"
2022,Goa,Vasco-Da-Gama,25,Krishna Salkar,M,BJP,Lotus,31412,"3,657",45.14%,GEN,"24,182"
2022,Goa,Dabolim,26,Mauvin Godinho,M,BJP,Lotus,24185,"1,570",41.14%,GEN,"19,142"
2022,Goa,Cortalim,27,Antonio Vas,M,IND,Independent,30142,"3,142",38.14%,GEN,"24,185"
2022,Goa,Nuvem,28,Aleixo Sequeira,M,INC,Hand,28142,"4,397",44.14%,GEN,"22,185"
2022,Goa,Curtorim,29,Aleixo Lourenco,M,IND,Independent,29142,"5,055",40.14%,GEN,"23,142"
2022,Goa,Fatorda,30,Vijai Sardesai,M,GFP,Coconut,31412,"1,527",45.14%,GEN,"26,142"
2022,Goa,Margao,31,Digambar Kamat,M,INC,Hand,29152,"7,794",60.14%,GEN,"22,142"
2022,Goa,Benaulim,32,Venzy Viegas,M,AAP,Broom,28142,"1,271",38.14%,GEN,"21,185"
2022,Goa,Navelim,33,Ulhas Tuenkar,M,BJP,Lotus,28542,430,30.14%,GEN,"22,141"
2022,Goa,Cuncolim,34,Yuri Alemao,M,INC,Hand,29142,"3,234",41.14%,GEN,"23,185"
2022,Goa,Velim,35,Cruz Silva,M,AAP,Broom,31412,"3,244",33.14%,GEN,"24,185"
2022,Goa,Quepem,36,Altone D'Costa,M,INC,Hand,32152,"3,601",48.14%,GEN,"27,152"
2022,Goa,Curchorem,37,Nilesh Cabral,M,BJP,Lotus,28142,672,41.14%,GEN,"23,185"
2022,Goa,Sanvordem,38,Ganesh Gaonkar,M,BJP,Lotus,29152,"5,190",44.14%,GEN,"24,185"
2022,Goa,Sanguem,39,Subhash Phal Dessai,M,BJP,Lotus,26142,"1,447",36.14%,GEN,"22,142"
2022,Goa,Canacona,40,Ramesh Tawadkar,M,BJP,Lotus,31142,"3,051",40.11%,GEN,"26,182"
